time,seconds_elapsed,text,millisecond_press_duration
1765031255074000000,11.678999755859374,My Annotation 1,65
1765031269670000000,26.275000244140625,My Annotation 2,82
1765031280551000000,37.156,My Annotation 1,66
1765031294682000000,51.28699975585938,My Annotation 2,67
1765031300614000000,57.219000244140624,My Annotation 1,84
1765031310012000000,66.617,My Annotation 2,48
